id,song,artist_or_source,language,genre,mood,activity,energy,min_age,max_age,age_group,recommendation_tags,context_mood,context_activity,context_energy
HR-001,Inthandham,Sita Ramam,Telugu,Melody,Calm,Studying,Low,1,5,1-5,"Telugu,Melody,Calm,Studying,Low",Happy,Walking,Medium
HR-002,Oh Sita Hey Rama,Sita Ramam,Telugu,Melody,Calm,Studying,Low,6,12,6-12,"Telugu,Melody,Calm,Studying,Low",Calm,Studying,Low
HR-003,Adiga Adiga,Ninnu Kori,Telugu,Melody,Stressed,Studying,Low,13,17,13-17,"Telugu,Melody,Stressed,Studying,Low",Stressed,Studying,Low
HR-004,Kadalalle,Dear Comrade,Telugu,Melody,Calm,Relaxing,Low,18,25,18-25,"Telugu,Melody,Calm,Relaxing,Low",Sad,Relaxing,Low
HR-005,Maate Vinadhuga,Taxiwaala,Telugu,Melody,Calm,Studying,Low,26,35,26-35,"Telugu,Melody,Calm,Studying,Low",Romantic,Relaxing,Low
HR-006,Priyathama Priyathama,Majili,Telugu,Melody,Emotional,Relaxing,Low,36,50,36-50,"Telugu,Melody,Emotional,Relaxing,Low",Happy,Party,High
HR-007,Nee Kannu Neeli Samudram,Uppena,Telugu,Melody,Calm,Relaxing,Low,51,65,51-65,"Telugu,Melody,Calm,Relaxing,Low",Energetic,Workout,High
HR-008,Undiporaadhey,Hushaaru,Telugu,Melody,Emotional,Relaxing,Low,66,80,66-80,"Telugu,Melody,Emotional,Relaxing,Low",Calm,Meditation,Low
HR-009,Inkem Inkem Inkem Kaavaale,Geetha Govindam,Telugu,Melody,Happy,Studying,Medium,81,100,81-100,"Telugu,Melody,Happy,Studying,Medium",Bored,Walking,Medium
HR-010,Samajavaragamana,Ala Vaikunthapurramuloo,Telugu,Melody,Happy,Relaxing,Medium,1,5,1-5,"Telugu,Melody,Happy,Relaxing,Medium",Focused,Working,Low
HR-011,Vachindamma,Geetha Govindam,Telugu,Melody,Happy,Walking,Medium,6,12,6-12,"Telugu,Melody,Happy,Walking,Medium",Happy,Walking,Medium
HR-012,Naa Roja Nuvve,Kushi,Telugu,Melody,Romantic,Relaxing,Low,13,17,13-17,"Telugu,Melody,Romantic,Relaxing,Low",Calm,Studying,Low
HR-013,Ramuloo Ramulaa,Ala Vaikunthapurramuloo,Telugu,Dance,Happy,Party,High,18,25,18-25,"Telugu,Dance,Happy,Party,High",Stressed,Studying,Low
HR-014,Mind Block,Sarileru Neekevvaru,Telugu,Dance,Energetic,Workout,High,26,35,26-35,"Telugu,Dance,Energetic,Workout,High",Sad,Relaxing,Low
HR-015,Oo Antava Oo Oo Antava,Pushpa,Telugu,Dance,Energetic,Workout,High,36,50,36-50,"Telugu,Dance,Energetic,Workout,High",Romantic,Relaxing,Low
HR-016,Daakko Daakko Meka,Pushpa,Telugu,Folk,Energetic,Workout,High,51,65,51-65,"Telugu,Folk,Energetic,Workout,High",Happy,Party,High
HR-017,Seeti Maar,DJ,Telugu,Dance,Energetic,Workout,High,66,80,66-80,"Telugu,Dance,Energetic,Workout,High",Energetic,Workout,High
HR-018,Blockbuster,Sarrainodu,Telugu,Dance,Happy,Party,High,81,100,81-100,"Telugu,Dance,Happy,Party,High",Calm,Meditation,Low
HR-019,Pakka Local,Janatha Garage,Telugu,Dance,Happy,Party,High,1,5,1-5,"Telugu,Dance,Happy,Party,High",Bored,Walking,Medium
HR-020,Top Lesi Poddi,Iddarammayilatho,Telugu,Dance,Happy,Party,High,6,12,6-12,"Telugu,Dance,Happy,Party,High",Focused,Working,Low
HR-021,Inthandham,Sita Ramam,Telugu,Melody,Calm,Studying,Low,13,17,13-17,"Telugu,Melody,Calm,Studying,Low",Happy,Walking,Medium
HR-022,Oh Sita Hey Rama,Sita Ramam,Telugu,Melody,Calm,Studying,Low,18,25,18-25,"Telugu,Melody,Calm,Studying,Low",Calm,Studying,Low
HR-023,Adiga Adiga,Ninnu Kori,Telugu,Melody,Stressed,Studying,Low,26,35,26-35,"Telugu,Melody,Stressed,Studying,Low",Stressed,Studying,Low
HR-024,Kadalalle,Dear Comrade,Telugu,Melody,Calm,Relaxing,Low,36,50,36-50,"Telugu,Melody,Calm,Relaxing,Low",Sad,Relaxing,Low
HR-025,Maate Vinadhuga,Taxiwaala,Telugu,Melody,Calm,Studying,Low,51,65,51-65,"Telugu,Melody,Calm,Studying,Low",Romantic,Relaxing,Low
HR-026,Priyathama Priyathama,Majili,Telugu,Melody,Emotional,Relaxing,Low,66,80,66-80,"Telugu,Melody,Emotional,Relaxing,Low",Happy,Party,High
HR-027,Nee Kannu Neeli Samudram,Uppena,Telugu,Melody,Calm,Relaxing,Low,81,100,81-100,"Telugu,Melody,Calm,Relaxing,Low",Energetic,Workout,High
HR-028,Undiporaadhey,Hushaaru,Telugu,Melody,Emotional,Relaxing,Low,1,5,1-5,"Telugu,Melody,Emotional,Relaxing,Low",Calm,Meditation,Low
HR-029,Inkem Inkem Inkem Kaavaale,Geetha Govindam,Telugu,Melody,Happy,Studying,Medium,6,12,6-12,"Telugu,Melody,Happy,Studying,Medium",Bored,Walking,Medium
HR-030,Samajavaragamana,Ala Vaikunthapurramuloo,Telugu,Melody,Happy,Relaxing,Medium,13,17,13-17,"Telugu,Melody,Happy,Relaxing,Medium",Focused,Working,Low
HR-031,Vachindamma,Geetha Govindam,Telugu,Melody,Happy,Walking,Medium,18,25,18-25,"Telugu,Melody,Happy,Walking,Medium",Happy,Walking,Medium
HR-032,Naa Roja Nuvve,Kushi,Telugu,Melody,Romantic,Relaxing,Low,26,35,26-35,"Telugu,Melody,Romantic,Relaxing,Low",Calm,Studying,Low
HR-033,Ramuloo Ramulaa,Ala Vaikunthapurramuloo,Telugu,Dance,Happy,Party,High,36,50,36-50,"Telugu,Dance,Happy,Party,High",Stressed,Studying,Low
HR-034,Mind Block,Sarileru Neekevvaru,Telugu,Dance,Energetic,Workout,High,51,65,51-65,"Telugu,Dance,Energetic,Workout,High",Sad,Relaxing,Low
HR-035,Oo Antava Oo Oo Antava,Pushpa,Telugu,Dance,Energetic,Workout,High,66,80,66-80,"Telugu,Dance,Energetic,Workout,High",Romantic,Relaxing,Low
HR-036,Daakko Daakko Meka,Pushpa,Telugu,Folk,Energetic,Workout,High,81,100,81-100,"Telugu,Folk,Energetic,Workout,High",Happy,Party,High
HR-037,Seeti Maar,DJ,Telugu,Dance,Energetic,Workout,High,1,5,1-5,"Telugu,Dance,Energetic,Workout,High",Energetic,Workout,High
HR-038,Blockbuster,Sarrainodu,Telugu,Dance,Happy,Party,High,6,12,6-12,"Telugu,Dance,Happy,Party,High",Calm,Meditation,Low
HR-039,Pakka Local,Janatha Garage,Telugu,Dance,Happy,Party,High,13,17,13-17,"Telugu,Dance,Happy,Party,High",Bored,Walking,Medium
HR-040,Top Lesi Poddi,Iddarammayilatho,Telugu,Dance,Happy,Party,High,18,25,18-25,"Telugu,Dance,Happy,Party,High",Focused,Working,Low
HR-041,Inthandham,Sita Ramam,Telugu,Melody,Calm,Studying,Low,26,35,26-35,"Telugu,Melody,Calm,Studying,Low",Happy,Walking,Medium
HR-042,Oh Sita Hey Rama,Sita Ramam,Telugu,Melody,Calm,Studying,Low,36,50,36-50,"Telugu,Melody,Calm,Studying,Low",Calm,Studying,Low
HR-043,Adiga Adiga,Ninnu Kori,Telugu,Melody,Stressed,Studying,Low,51,65,51-65,"Telugu,Melody,Stressed,Studying,Low",Stressed,Studying,Low
HR-044,Kadalalle,Dear Comrade,Telugu,Melody,Calm,Relaxing,Low,66,80,66-80,"Telugu,Melody,Calm,Relaxing,Low",Sad,Relaxing,Low
HR-045,Maate Vinadhuga,Taxiwaala,Telugu,Melody,Calm,Studying,Low,81,100,81-100,"Telugu,Melody,Calm,Studying,Low",Romantic,Relaxing,Low
HR-046,Priyathama Priyathama,Majili,Telugu,Melody,Emotional,Relaxing,Low,1,5,1-5,"Telugu,Melody,Emotional,Relaxing,Low",Happy,Party,High
HR-047,Nee Kannu Neeli Samudram,Uppena,Telugu,Melody,Calm,Relaxing,Low,6,12,6-12,"Telugu,Melody,Calm,Relaxing,Low",Energetic,Workout,High
HR-048,Undiporaadhey,Hushaaru,Telugu,Melody,Emotional,Relaxing,Low,13,17,13-17,"Telugu,Melody,Emotional,Relaxing,Low",Calm,Meditation,Low
HR-049,Inkem Inkem Inkem Kaavaale,Geetha Govindam,Telugu,Melody,Happy,Studying,Medium,18,25,18-25,"Telugu,Melody,Happy,Studying,Medium",Bored,Walking,Medium
HR-050,Samajavaragamana,Ala Vaikunthapurramuloo,Telugu,Melody,Happy,Relaxing,Medium,26,35,26-35,"Telugu,Melody,Happy,Relaxing,Medium",Focused,Working,Low
HR-051,Vachindamma,Geetha Govindam,Telugu,Melody,Happy,Walking,Medium,36,50,36-50,"Telugu,Melody,Happy,Walking,Medium",Happy,Walking,Medium
HR-052,Naa Roja Nuvve,Kushi,Telugu,Melody,Romantic,Relaxing,Low,51,65,51-65,"Telugu,Melody,Romantic,Relaxing,Low",Calm,Studying,Low
HR-053,Ramuloo Ramulaa,Ala Vaikunthapurramuloo,Telugu,Dance,Happy,Party,High,66,80,66-80,"Telugu,Dance,Happy,Party,High",Stressed,Studying,Low
HR-054,Mind Block,Sarileru Neekevvaru,Telugu,Dance,Energetic,Workout,High,81,100,81-100,"Telugu,Dance,Energetic,Workout,High",Sad,Relaxing,Low
HR-055,Oo Antava Oo Oo Antava,Pushpa,Telugu,Dance,Energetic,Workout,High,1,5,1-5,"Telugu,Dance,Energetic,Workout,High",Romantic,Relaxing,Low
HR-056,Daakko Daakko Meka,Pushpa,Telugu,Folk,Energetic,Workout,High,6,12,6-12,"Telugu,Folk,Energetic,Workout,High",Happy,Party,High
HR-057,Seeti Maar,DJ,Telugu,Dance,Energetic,Workout,High,13,17,13-17,"Telugu,Dance,Energetic,Workout,High",Energetic,Workout,High
HR-058,Blockbuster,Sarrainodu,Telugu,Dance,Happy,Party,High,18,25,18-25,"Telugu,Dance,Happy,Party,High",Calm,Meditation,Low
HR-059,Pakka Local,Janatha Garage,Telugu,Dance,Happy,Party,High,26,35,26-35,"Telugu,Dance,Happy,Party,High",Bored,Walking,Medium
HR-060,Top Lesi Poddi,Iddarammayilatho,Telugu,Dance,Happy,Party,High,36,50,36-50,"Telugu,Dance,Happy,Party,High",Focused,Working,Low
HR-061,Inthandham,Sita Ramam,Telugu,Melody,Calm,Studying,Low,51,65,51-65,"Telugu,Melody,Calm,Studying,Low",Happy,Walking,Medium
HR-062,Oh Sita Hey Rama,Sita Ramam,Telugu,Melody,Calm,Studying,Low,66,80,66-80,"Telugu,Melody,Calm,Studying,Low",Calm,Studying,Low
HR-063,Adiga Adiga,Ninnu Kori,Telugu,Melody,Stressed,Studying,Low,81,100,81-100,"Telugu,Melody,Stressed,Studying,Low",Stressed,Studying,Low
HR-064,Kadalalle,Dear Comrade,Telugu,Melody,Calm,Relaxing,Low,1,5,1-5,"Telugu,Melody,Calm,Relaxing,Low",Sad,Relaxing,Low
HR-065,Maate Vinadhuga,Taxiwaala,Telugu,Melody,Calm,Studying,Low,6,12,6-12,"Telugu,Melody,Calm,Studying,Low",Romantic,Relaxing,Low
HR-066,Priyathama Priyathama,Majili,Telugu,Melody,Emotional,Relaxing,Low,13,17,13-17,"Telugu,Melody,Emotional,Relaxing,Low",Happy,Party,High
HR-067,Nee Kannu Neeli Samudram,Uppena,Telugu,Melody,Calm,Relaxing,Low,18,25,18-25,"Telugu,Melody,Calm,Relaxing,Low",Energetic,Workout,High
HR-068,Undiporaadhey,Hushaaru,Telugu,Melody,Emotional,Relaxing,Low,26,35,26-35,"Telugu,Melody,Emotional,Relaxing,Low",Calm,Meditation,Low
HR-069,Inkem Inkem Inkem Kaavaale,Geetha Govindam,Telugu,Melody,Happy,Studying,Medium,36,50,36-50,"Telugu,Melody,Happy,Studying,Medium",Bored,Walking,Medium
HR-070,Samajavaragamana,Ala Vaikunthapurramuloo,Telugu,Melody,Happy,Relaxing,Medium,51,65,51-65,"Telugu,Melody,Happy,Relaxing,Medium",Focused,Working,Low
HR-071,Vachindamma,Geetha Govindam,Telugu,Melody,Happy,Walking,Medium,66,80,66-80,"Telugu,Melody,Happy,Walking,Medium",Happy,Walking,Medium
HR-072,Naa Roja Nuvve,Kushi,Telugu,Melody,Romantic,Relaxing,Low,81,100,81-100,"Telugu,Melody,Romantic,Relaxing,Low",Calm,Studying,Low
HR-073,Ramuloo Ramulaa,Ala Vaikunthapurramuloo,Telugu,Dance,Happy,Party,High,1,5,1-5,"Telugu,Dance,Happy,Party,High",Stressed,Studying,Low
HR-074,Mind Block,Sarileru Neekevvaru,Telugu,Dance,Energetic,Workout,High,6,12,6-12,"Telugu,Dance,Energetic,Workout,High",Sad,Relaxing,Low
HR-075,Oo Antava Oo Oo Antava,Pushpa,Telugu,Dance,Energetic,Workout,High,13,17,13-17,"Telugu,Dance,Energetic,Workout,High",Romantic,Relaxing,Low
HR-076,Daakko Daakko Meka,Pushpa,Telugu,Folk,Energetic,Workout,High,18,25,18-25,"Telugu,Folk,Energetic,Workout,High",Happy,Party,High
HR-077,Seeti Maar,DJ,Telugu,Dance,Energetic,Workout,High,26,35,26-35,"Telugu,Dance,Energetic,Workout,High",Energetic,Workout,High
HR-078,Blockbuster,Sarrainodu,Telugu,Dance,Happy,Party,High,36,50,36-50,"Telugu,Dance,Happy,Party,High",Calm,Meditation,Low
HR-079,Pakka Local,Janatha Garage,Telugu,Dance,Happy,Party,High,51,65,51-65,"Telugu,Dance,Happy,Party,High",Bored,Walking,Medium
HR-080,Top Lesi Poddi,Iddarammayilatho,Telugu,Dance,Happy,Party,High,66,80,66-80,"Telugu,Dance,Happy,Party,High",Focused,Working,Low
HR-081,Inthandham,Sita Ramam,Telugu,Melody,Calm,Studying,Low,81,100,81-100,"Telugu,Melody,Calm,Studying,Low",Happy,Walking,Medium
HR-082,Oh Sita Hey Rama,Sita Ramam,Telugu,Melody,Calm,Studying,Low,1,5,1-5,"Telugu,Melody,Calm,Studying,Low",Calm,Studying,Low
HR-083,Adiga Adiga,Ninnu Kori,Telugu,Melody,Stressed,Studying,Low,6,12,6-12,"Telugu,Melody,Stressed,Studying,Low",Stressed,Studying,Low
HR-084,Kadalalle,Dear Comrade,Telugu,Melody,Calm,Relaxing,Low,13,17,13-17,"Telugu,Melody,Calm,Relaxing,Low",Sad,Relaxing,Low
HR-085,Maate Vinadhuga,Taxiwaala,Telugu,Melody,Calm,Studying,Low,18,25,18-25,"Telugu,Melody,Calm,Studying,Low",Romantic,Relaxing,Low
HR-086,Priyathama Priyathama,Majili,Telugu,Melody,Emotional,Relaxing,Low,26,35,26-35,"Telugu,Melody,Emotional,Relaxing,Low",Happy,Party,High
HR-087,Nee Kannu Neeli Samudram,Uppena,Telugu,Melody,Calm,Relaxing,Low,36,50,36-50,"Telugu,Melody,Calm,Relaxing,Low",Energetic,Workout,High
HR-088,Undiporaadhey,Hushaaru,Telugu,Melody,Emotional,Relaxing,Low,51,65,51-65,"Telugu,Melody,Emotional,Relaxing,Low",Calm,Meditation,Low
HR-089,Inkem Inkem Inkem Kaavaale,Geetha Govindam,Telugu,Melody,Happy,Studying,Medium,66,80,66-80,"Telugu,Melody,Happy,Studying,Medium",Bored,Walking,Medium
HR-090,Samajavaragamana,Ala Vaikunthapurramuloo,Telugu,Melody,Happy,Relaxing,Medium,81,100,81-100,"Telugu,Melody,Happy,Relaxing,Medium",Focused,Working,Low
HR-091,Vachindamma,Geetha Govindam,Telugu,Melody,Happy,Walking,Medium,1,5,1-5,"Telugu,Melody,Happy,Walking,Medium",Happy,Walking,Medium
HR-092,Naa Roja Nuvve,Kushi,Telugu,Melody,Romantic,Relaxing,Low,6,12,6-12,"Telugu,Melody,Romantic,Relaxing,Low",Calm,Studying,Low
HR-093,Ramuloo Ramulaa,Ala Vaikunthapurramuloo,Telugu,Dance,Happy,Party,High,13,17,13-17,"Telugu,Dance,Happy,Party,High",Stressed,Studying,Low
HR-094,Mind Block,Sarileru Neekevvaru,Telugu,Dance,Energetic,Workout,High,18,25,18-25,"Telugu,Dance,Energetic,Workout,High",Sad,Relaxing,Low
HR-095,Oo Antava Oo Oo Antava,Pushpa,Telugu,Dance,Energetic,Workout,High,26,35,26-35,"Telugu,Dance,Energetic,Workout,High",Romantic,Relaxing,Low
HR-096,Daakko Daakko Meka,Pushpa,Telugu,Folk,Energetic,Workout,High,36,50,36-50,"Telugu,Folk,Energetic,Workout,High",Happy,Party,High
HR-097,Seeti Maar,DJ,Telugu,Dance,Energetic,Workout,High,51,65,51-65,"Telugu,Dance,Energetic,Workout,High",Energetic,Workout,High
HR-098,Blockbuster,Sarrainodu,Telugu,Dance,Happy,Party,High,66,80,66-80,"Telugu,Dance,Happy,Party,High",Calm,Meditation,Low
HR-099,Pakka Local,Janatha Garage,Telugu,Dance,Happy,Party,High,81,100,81-100,"Telugu,Dance,Happy,Party,High",Bored,Walking,Medium
HR-100,Top Lesi Poddi,Iddarammayilatho,Telugu,Dance,Happy,Party,High,1,5,1-5,"Telugu,Dance,Happy,Party,High",Focused,Working,Low
HR-101,Vaseegara,Minnale,Tamil,Melody,Calm,Relaxing,Low,1,5,1-5,"Tamil,Melody,Calm,Relaxing,Low",Happy,Walking,Medium
HR-102,Munbe Vaa,Sillunu Oru Kadhal,Tamil,Melody,Calm,Studying,Low,6,12,6-12,"Tamil,Melody,Calm,Studying,Low",Calm,Studying,Low
HR-103,Anbil Avan,Vinnaithaandi Varuvaayaa,Tamil,Melody,Romantic,Relaxing,Low,13,17,13-17,"Tamil,Melody,Romantic,Relaxing,Low",Stressed,Studying,Low
HR-104,Maruvaarthai,Enai Noki Paayum Thota,Tamil,Melody,Emotional,Relaxing,Low,18,25,18-25,"Tamil,Melody,Emotional,Relaxing,Low",Sad,Relaxing,Low
HR-105,Nenjukkul Peidhidum,Vaaranam Aayiram,Tamil,Melody,Calm,Studying,Low,26,35,26-35,"Tamil,Melody,Calm,Studying,Low",Romantic,Relaxing,Low
HR-106,Rowdy Baby,Maari 2,Tamil,Dance,Happy,Party,High,36,50,36-50,"Tamil,Dance,Happy,Party,High",Happy,Party,High
HR-107,Arabic Kuthu,Beast,Tamil,Dance,Energetic,Workout,High,51,65,51-65,"Tamil,Dance,Energetic,Workout,High",Energetic,Workout,High
HR-108,Vaathi Coming,Master,Tamil,Dance,Energetic,Workout,High,66,80,66-80,"Tamil,Dance,Energetic,Workout,High",Calm,Meditation,Low
HR-109,Aaluma Doluma,Vedalam,Tamil,Dance,Energetic,Workout,High,81,100,81-100,"Tamil,Dance,Energetic,Workout,High",Bored,Walking,Medium
HR-110,Enjoy Enjaami,Single,Tamil,Folk,Happy,Walking,Medium,1,5,1-5,"Tamil,Folk,Happy,Walking,Medium",Focused,Working,Low
HR-111,Tum Tum,Enemy,Tamil,Dance,Happy,Party,High,6,12,6-12,"Tamil,Dance,Happy,Party,High",Happy,Walking,Medium
HR-112,Jimikki Ponnu,Varisu,Tamil,Dance,Happy,Party,High,13,17,13-17,"Tamil,Dance,Happy,Party,High",Calm,Studying,Low
HR-113,Megham Karukatha,Thiruchitrambalam,Tamil,Melody,Calm,Relaxing,Low,18,25,18-25,"Tamil,Melody,Calm,Relaxing,Low",Stressed,Studying,Low
HR-114,Kaavaalaa,Jailer,Tamil,Dance,Energetic,Party,High,26,35,26-35,"Tamil,Dance,Energetic,Party,High",Sad,Relaxing,Low
HR-115,Hukum,Jailer,Tamil,Rock,Energetic,Workout,High,36,50,36-50,"Tamil,Rock,Energetic,Workout,High",Romantic,Relaxing,Low
HR-116,Why This Kolaveri Di,3,Tamil,Pop,Happy,Party,Medium,51,65,51-65,"Tamil,Pop,Happy,Party,Medium",Happy,Party,High
HR-117,Anbe En Anbe,Dhaam Dhoom,Tamil,Melody,Romantic,Relaxing,Low,66,80,66-80,"Tamil,Melody,Romantic,Relaxing,Low",Energetic,Workout,High
HR-118,Pachai Kiligal,Indian,Tamil,Melody,Calm,Relaxing,Low,81,100,81-100,"Tamil,Melody,Calm,Relaxing,Low",Calm,Meditation,Low
HR-119,New York Nagaram,Sillunu Oru Kadhal,Tamil,Melody,Emotional,Relaxing,Low,1,5,1-5,"Tamil,Melody,Emotional,Relaxing,Low",Bored,Walking,Medium
HR-120,Hosanna,Vinnaithaandi Varuvaayaa,Tamil,Melody,Romantic,Relaxing,Medium,6,12,6-12,"Tamil,Melody,Romantic,Relaxing,Medium",Focused,Working,Low
HR-121,Vaseegara,Minnale,Tamil,Melody,Calm,Relaxing,Low,13,17,13-17,"Tamil,Melody,Calm,Relaxing,Low",Happy,Walking,Medium
HR-122,Munbe Vaa,Sillunu Oru Kadhal,Tamil,Melody,Calm,Studying,Low,18,25,18-25,"Tamil,Melody,Calm,Studying,Low",Calm,Studying,Low
HR-123,Anbil Avan,Vinnaithaandi Varuvaayaa,Tamil,Melody,Romantic,Relaxing,Low,26,35,26-35,"Tamil,Melody,Romantic,Relaxing,Low",Stressed,Studying,Low
HR-124,Maruvaarthai,Enai Noki Paayum Thota,Tamil,Melody,Emotional,Relaxing,Low,36,50,36-50,"Tamil,Melody,Emotional,Relaxing,Low",Sad,Relaxing,Low
HR-125,Nenjukkul Peidhidum,Vaaranam Aayiram,Tamil,Melody,Calm,Studying,Low,51,65,51-65,"Tamil,Melody,Calm,Studying,Low",Romantic,Relaxing,Low
HR-126,Rowdy Baby,Maari 2,Tamil,Dance,Happy,Party,High,66,80,66-80,"Tamil,Dance,Happy,Party,High",Happy,Party,High
HR-127,Arabic Kuthu,Beast,Tamil,Dance,Energetic,Workout,High,81,100,81-100,"Tamil,Dance,Energetic,Workout,High",Energetic,Workout,High
HR-128,Vaathi Coming,Master,Tamil,Dance,Energetic,Workout,High,1,5,1-5,"Tamil,Dance,Energetic,Workout,High",Calm,Meditation,Low
HR-129,Aaluma Doluma,Vedalam,Tamil,Dance,Energetic,Workout,High,6,12,6-12,"Tamil,Dance,Energetic,Workout,High",Bored,Walking,Medium
HR-130,Enjoy Enjaami,Single,Tamil,Folk,Happy,Walking,Medium,13,17,13-17,"Tamil,Folk,Happy,Walking,Medium",Focused,Working,Low
HR-131,Tum Tum,Enemy,Tamil,Dance,Happy,Party,High,18,25,18-25,"Tamil,Dance,Happy,Party,High",Happy,Walking,Medium
HR-132,Jimikki Ponnu,Varisu,Tamil,Dance,Happy,Party,High,26,35,26-35,"Tamil,Dance,Happy,Party,High",Calm,Studying,Low
HR-133,Megham Karukatha,Thiruchitrambalam,Tamil,Melody,Calm,Relaxing,Low,36,50,36-50,"Tamil,Melody,Calm,Relaxing,Low",Stressed,Studying,Low
HR-134,Kaavaalaa,Jailer,Tamil,Dance,Energetic,Party,High,51,65,51-65,"Tamil,Dance,Energetic,Party,High",Sad,Relaxing,Low
HR-135,Hukum,Jailer,Tamil,Rock,Energetic,Workout,High,66,80,66-80,"Tamil,Rock,Energetic,Workout,High",Romantic,Relaxing,Low
HR-136,Why This Kolaveri Di,3,Tamil,Pop,Happy,Party,Medium,81,100,81-100,"Tamil,Pop,Happy,Party,Medium",Happy,Party,High
HR-137,Anbe En Anbe,Dhaam Dhoom,Tamil,Melody,Romantic,Relaxing,Low,1,5,1-5,"Tamil,Melody,Romantic,Relaxing,Low",Energetic,Workout,High
HR-138,Pachai Kiligal,Indian,Tamil,Melody,Calm,Relaxing,Low,6,12,6-12,"Tamil,Melody,Calm,Relaxing,Low",Calm,Meditation,Low
HR-139,New York Nagaram,Sillunu Oru Kadhal,Tamil,Melody,Emotional,Relaxing,Low,13,17,13-17,"Tamil,Melody,Emotional,Relaxing,Low",Bored,Walking,Medium
HR-140,Hosanna,Vinnaithaandi Varuvaayaa,Tamil,Melody,Romantic,Relaxing,Medium,18,25,18-25,"Tamil,Melody,Romantic,Relaxing,Medium",Focused,Working,Low
HR-141,Vaseegara,Minnale,Tamil,Melody,Calm,Relaxing,Low,26,35,26-35,"Tamil,Melody,Calm,Relaxing,Low",Happy,Walking,Medium
HR-142,Munbe Vaa,Sillunu Oru Kadhal,Tamil,Melody,Calm,Studying,Low,36,50,36-50,"Tamil,Melody,Calm,Studying,Low",Calm,Studying,Low
HR-143,Anbil Avan,Vinnaithaandi Varuvaayaa,Tamil,Melody,Romantic,Relaxing,Low,51,65,51-65,"Tamil,Melody,Romantic,Relaxing,Low",Stressed,Studying,Low
HR-144,Maruvaarthai,Enai Noki Paayum Thota,Tamil,Melody,Emotional,Relaxing,Low,66,80,66-80,"Tamil,Melody,Emotional,Relaxing,Low",Sad,Relaxing,Low
HR-145,Nenjukkul Peidhidum,Vaaranam Aayiram,Tamil,Melody,Calm,Studying,Low,81,100,81-100,"Tamil,Melody,Calm,Studying,Low",Romantic,Relaxing,Low
HR-146,Rowdy Baby,Maari 2,Tamil,Dance,Happy,Party,High,1,5,1-5,"Tamil,Dance,Happy,Party,High",Happy,Party,High
HR-147,Arabic Kuthu,Beast,Tamil,Dance,Energetic,Workout,High,6,12,6-12,"Tamil,Dance,Energetic,Workout,High",Energetic,Workout,High
HR-148,Vaathi Coming,Master,Tamil,Dance,Energetic,Workout,High,13,17,13-17,"Tamil,Dance,Energetic,Workout,High",Calm,Meditation,Low
HR-149,Aaluma Doluma,Vedalam,Tamil,Dance,Energetic,Workout,High,18,25,18-25,"Tamil,Dance,Energetic,Workout,High",Bored,Walking,Medium
HR-150,Enjoy Enjaami,Single,Tamil,Folk,Happy,Walking,Medium,26,35,26-35,"Tamil,Folk,Happy,Walking,Medium",Focused,Working,Low
HR-151,Tum Tum,Enemy,Tamil,Dance,Happy,Party,High,36,50,36-50,"Tamil,Dance,Happy,Party,High",Happy,Walking,Medium
HR-152,Jimikki Ponnu,Varisu,Tamil,Dance,Happy,Party,High,51,65,51-65,"Tamil,Dance,Happy,Party,High",Calm,Studying,Low
HR-153,Megham Karukatha,Thiruchitrambalam,Tamil,Melody,Calm,Relaxing,Low,66,80,66-80,"Tamil,Melody,Calm,Relaxing,Low",Stressed,Studying,Low
HR-154,Kaavaalaa,Jailer,Tamil,Dance,Energetic,Party,High,81,100,81-100,"Tamil,Dance,Energetic,Party,High",Sad,Relaxing,Low
HR-155,Hukum,Jailer,Tamil,Rock,Energetic,Workout,High,1,5,1-5,"Tamil,Rock,Energetic,Workout,High",Romantic,Relaxing,Low
HR-156,Why This Kolaveri Di,3,Tamil,Pop,Happy,Party,Medium,6,12,6-12,"Tamil,Pop,Happy,Party,Medium",Happy,Party,High
HR-157,Anbe En Anbe,Dhaam Dhoom,Tamil,Melody,Romantic,Relaxing,Low,13,17,13-17,"Tamil,Melody,Romantic,Relaxing,Low",Energetic,Workout,High
HR-158,Pachai Kiligal,Indian,Tamil,Melody,Calm,Relaxing,Low,18,25,18-25,"Tamil,Melody,Calm,Relaxing,Low",Calm,Meditation,Low
HR-159,New York Nagaram,Sillunu Oru Kadhal,Tamil,Melody,Emotional,Relaxing,Low,26,35,26-35,"Tamil,Melody,Emotional,Relaxing,Low",Bored,Walking,Medium
HR-160,Hosanna,Vinnaithaandi Varuvaayaa,Tamil,Melody,Romantic,Relaxing,Medium,36,50,36-50,"Tamil,Melody,Romantic,Relaxing,Medium",Focused,Working,Low
HR-161,Vaseegara,Minnale,Tamil,Melody,Calm,Relaxing,Low,51,65,51-65,"Tamil,Melody,Calm,Relaxing,Low",Happy,Walking,Medium
HR-162,Munbe Vaa,Sillunu Oru Kadhal,Tamil,Melody,Calm,Studying,Low,66,80,66-80,"Tamil,Melody,Calm,Studying,Low",Calm,Studying,Low
HR-163,Anbil Avan,Vinnaithaandi Varuvaayaa,Tamil,Melody,Romantic,Relaxing,Low,81,100,81-100,"Tamil,Melody,Romantic,Relaxing,Low",Stressed,Studying,Low
HR-164,Maruvaarthai,Enai Noki Paayum Thota,Tamil,Melody,Emotional,Relaxing,Low,1,5,1-5,"Tamil,Melody,Emotional,Relaxing,Low",Sad,Relaxing,Low
HR-165,Nenjukkul Peidhidum,Vaaranam Aayiram,Tamil,Melody,Calm,Studying,Low,6,12,6-12,"Tamil,Melody,Calm,Studying,Low",Romantic,Relaxing,Low
HR-166,Rowdy Baby,Maari 2,Tamil,Dance,Happy,Party,High,13,17,13-17,"Tamil,Dance,Happy,Party,High",Happy,Party,High
HR-167,Arabic Kuthu,Beast,Tamil,Dance,Energetic,Workout,High,18,25,18-25,"Tamil,Dance,Energetic,Workout,High",Energetic,Workout,High
HR-168,Vaathi Coming,Master,Tamil,Dance,Energetic,Workout,High,26,35,26-35,"Tamil,Dance,Energetic,Workout,High",Calm,Meditation,Low
HR-169,Aaluma Doluma,Vedalam,Tamil,Dance,Energetic,Workout,High,36,50,36-50,"Tamil,Dance,Energetic,Workout,High",Bored,Walking,Medium
HR-170,Enjoy Enjaami,Single,Tamil,Folk,Happy,Walking,Medium,51,65,51-65,"Tamil,Folk,Happy,Walking,Medium",Focused,Working,Low
HR-171,Tum Tum,Enemy,Tamil,Dance,Happy,Party,High,66,80,66-80,"Tamil,Dance,Happy,Party,High",Happy,Walking,Medium
HR-172,Jimikki Ponnu,Varisu,Tamil,Dance,Happy,Party,High,81,100,81-100,"Tamil,Dance,Happy,Party,High",Calm,Studying,Low
HR-173,Megham Karukatha,Thiruchitrambalam,Tamil,Melody,Calm,Relaxing,Low,1,5,1-5,"Tamil,Melody,Calm,Relaxing,Low",Stressed,Studying,Low
HR-174,Kaavaalaa,Jailer,Tamil,Dance,Energetic,Party,High,6,12,6-12,"Tamil,Dance,Energetic,Party,High",Sad,Relaxing,Low
HR-175,Hukum,Jailer,Tamil,Rock,Energetic,Workout,High,13,17,13-17,"Tamil,Rock,Energetic,Workout,High",Romantic,Relaxing,Low
HR-176,Why This Kolaveri Di,3,Tamil,Pop,Happy,Party,Medium,18,25,18-25,"Tamil,Pop,Happy,Party,Medium",Happy,Party,High
HR-177,Anbe En Anbe,Dhaam Dhoom,Tamil,Melody,Romantic,Relaxing,Low,26,35,26-35,"Tamil,Melody,Romantic,Relaxing,Low",Energetic,Workout,High
HR-178,Pachai Kiligal,Indian,Tamil,Melody,Calm,Relaxing,Low,36,50,36-50,"Tamil,Melody,Calm,Relaxing,Low",Calm,Meditation,Low
HR-179,New York Nagaram,Sillunu Oru Kadhal,Tamil,Melody,Emotional,Relaxing,Low,51,65,51-65,"Tamil,Melody,Emotional,Relaxing,Low",Bored,Walking,Medium
HR-180,Hosanna,Vinnaithaandi Varuvaayaa,Tamil,Melody,Romantic,Relaxing,Medium,66,80,66-80,"Tamil,Melody,Romantic,Relaxing,Medium",Focused,Working,Low
HR-181,Vaseegara,Minnale,Tamil,Melody,Calm,Relaxing,Low,81,100,81-100,"Tamil,Melody,Calm,Relaxing,Low",Happy,Walking,Medium
HR-182,Munbe Vaa,Sillunu Oru Kadhal,Tamil,Melody,Calm,Studying,Low,1,5,1-5,"Tamil,Melody,Calm,Studying,Low",Calm,Studying,Low
HR-183,Anbil Avan,Vinnaithaandi Varuvaayaa,Tamil,Melody,Romantic,Relaxing,Low,6,12,6-12,"Tamil,Melody,Romantic,Relaxing,Low",Stressed,Studying,Low
HR-184,Maruvaarthai,Enai Noki Paayum Thota,Tamil,Melody,Emotional,Relaxing,Low,13,17,13-17,"Tamil,Melody,Emotional,Relaxing,Low",Sad,Relaxing,Low
HR-185,Nenjukkul Peidhidum,Vaaranam Aayiram,Tamil,Melody,Calm,Studying,Low,18,25,18-25,"Tamil,Melody,Calm,Studying,Low",Romantic,Relaxing,Low
HR-186,Rowdy Baby,Maari 2,Tamil,Dance,Happy,Party,High,26,35,26-35,"Tamil,Dance,Happy,Party,High",Happy,Party,High
HR-187,Arabic Kuthu,Beast,Tamil,Dance,Energetic,Workout,High,36,50,36-50,"Tamil,Dance,Energetic,Workout,High",Energetic,Workout,High
HR-188,Vaathi Coming,Master,Tamil,Dance,Energetic,Workout,High,51,65,51-65,"Tamil,Dance,Energetic,Workout,High",Calm,Meditation,Low
HR-189,Aaluma Doluma,Vedalam,Tamil,Dance,Energetic,Workout,High,66,80,66-80,"Tamil,Dance,Energetic,Workout,High",Bored,Walking,Medium
HR-190,Enjoy Enjaami,Single,Tamil,Folk,Happy,Walking,Medium,81,100,81-100,"Tamil,Folk,Happy,Walking,Medium",Focused,Working,Low
HR-191,Tum Tum,Enemy,Tamil,Dance,Happy,Party,High,1,5,1-5,"Tamil,Dance,Happy,Party,High",Happy,Walking,Medium
HR-192,Jimikki Ponnu,Varisu,Tamil,Dance,Happy,Party,High,6,12,6-12,"Tamil,Dance,Happy,Party,High",Calm,Studying,Low
HR-193,Megham Karukatha,Thiruchitrambalam,Tamil,Melody,Calm,Relaxing,Low,13,17,13-17,"Tamil,Melody,Calm,Relaxing,Low",Stressed,Studying,Low
HR-194,Kaavaalaa,Jailer,Tamil,Dance,Energetic,Party,High,18,25,18-25,"Tamil,Dance,Energetic,Party,High",Sad,Relaxing,Low
HR-195,Hukum,Jailer,Tamil,Rock,Energetic,Workout,High,26,35,26-35,"Tamil,Rock,Energetic,Workout,High",Romantic,Relaxing,Low
HR-196,Why This Kolaveri Di,3,Tamil,Pop,Happy,Party,Medium,36,50,36-50,"Tamil,Pop,Happy,Party,Medium",Happy,Party,High
HR-197,Anbe En Anbe,Dhaam Dhoom,Tamil,Melody,Romantic,Relaxing,Low,51,65,51-65,"Tamil,Melody,Romantic,Relaxing,Low",Energetic,Workout,High
HR-198,Pachai Kiligal,Indian,Tamil,Melody,Calm,Relaxing,Low,66,80,66-80,"Tamil,Melody,Calm,Relaxing,Low",Calm,Meditation,Low
HR-199,New York Nagaram,Sillunu Oru Kadhal,Tamil,Melody,Emotional,Relaxing,Low,81,100,81-100,"Tamil,Melody,Emotional,Relaxing,Low",Bored,Walking,Medium
HR-200,Hosanna,Vinnaithaandi Varuvaayaa,Tamil,Melody,Romantic,Relaxing,Medium,1,5,1-5,"Tamil,Melody,Romantic,Relaxing,Medium",Focused,Working,Low
HR-201,Tum Hi Ho,Aashiqui 2,Hindi,Melody,Emotional,Relaxing,Low,1,5,1-5,"Hindi,Melody,Emotional,Relaxing,Low",Happy,Walking,Medium
HR-202,Kesariya,Brahmastra,Hindi,Pop,Romantic,Relaxing,Medium,6,12,6-12,"Hindi,Pop,Romantic,Relaxing,Medium",Calm,Studying,Low
HR-203,Apna Bana Le,Bhediya,Hindi,Melody,Romantic,Relaxing,Low,13,17,13-17,"Hindi,Melody,Romantic,Relaxing,Low",Stressed,Studying,Low
HR-204,Ranjha,Shershaah,Hindi,Melody,Emotional,Relaxing,Low,18,25,18-25,"Hindi,Melody,Emotional,Relaxing,Low",Sad,Relaxing,Low
HR-205,Tujhe Kitna Chahne Lage,Kabir Singh,Hindi,Melody,Emotional,Relaxing,Low,26,35,26-35,"Hindi,Melody,Emotional,Relaxing,Low",Romantic,Relaxing,Low
HR-206,Shayad,Love Aaj Kal,Hindi,Melody,Romantic,Relaxing,Low,36,50,36-50,"Hindi,Melody,Romantic,Relaxing,Low",Happy,Party,High
HR-207,Hawayein,Jab Harry Met Sejal,Hindi,Melody,Romantic,Relaxing,Low,51,65,51-65,"Hindi,Melody,Romantic,Relaxing,Low",Energetic,Workout,High
HR-208,Agar Tum Saath Ho,Tamasha,Hindi,Melody,Emotional,Relaxing,Low,66,80,66-80,"Hindi,Melody,Emotional,Relaxing,Low",Calm,Meditation,Low
HR-209,Raabta,Agent Vinod,Hindi,Melody,Romantic,Relaxing,Low,81,100,81-100,"Hindi,Melody,Romantic,Relaxing,Low",Bored,Walking,Medium
HR-210,Khairiyat,Chhichhore,Hindi,Melody,Emotional,Relaxing,Low,1,5,1-5,"Hindi,Melody,Emotional,Relaxing,Low",Focused,Working,Low
HR-211,Ve Kamleya,Rocky Aur Rani Kii Prem Kahaani,Hindi,Melody,Romantic,Relaxing,Medium,6,12,6-12,"Hindi,Melody,Romantic,Relaxing,Medium",Happy,Walking,Medium
HR-212,O Maahi,Dunki,Hindi,Melody,Emotional,Relaxing,Low,13,17,13-17,"Hindi,Melody,Emotional,Relaxing,Low",Calm,Studying,Low
HR-213,Satranga,Animal,Hindi,Melody,Emotional,Relaxing,Low,18,25,18-25,"Hindi,Melody,Emotional,Relaxing,Low",Stressed,Studying,Low
HR-214,Chaleya,Jawan,Hindi,Pop,Romantic,Walking,Medium,26,35,26-35,"Hindi,Pop,Romantic,Walking,Medium",Sad,Relaxing,Low
HR-215,Ghungroo,War,Hindi,Dance,Happy,Workout,High,36,50,36-50,"Hindi,Dance,Happy,Workout,High",Romantic,Relaxing,Low
HR-216,Kala Chashma,Baar Baar Dekho,Hindi,Dance,Happy,Party,High,51,65,51-65,"Hindi,Dance,Happy,Party,High",Happy,Party,High
HR-217,What Jhumka,Rocky Aur Rani Kii Prem Kahaani,Hindi,Dance,Happy,Party,High,66,80,66-80,"Hindi,Dance,Happy,Party,High",Energetic,Workout,High
HR-218,Nacho Nacho,RRR,Hindi,Dance,Energetic,Workout,High,81,100,81-100,"Hindi,Dance,Energetic,Workout,High",Calm,Meditation,Low
HR-219,Badtameez Dil,Yeh Jawaani Hai Deewani,Hindi,Pop,Happy,Party,High,1,5,1-5,"Hindi,Pop,Happy,Party,High",Bored,Walking,Medium
HR-220,Gallan Goodiyaan,Dil Dhadakne Do,Hindi,Dance,Happy,Party,High,6,12,6-12,"Hindi,Dance,Happy,Party,High",Focused,Working,Low
HR-221,Tum Hi Ho,Aashiqui 2,Hindi,Melody,Emotional,Relaxing,Low,13,17,13-17,"Hindi,Melody,Emotional,Relaxing,Low",Happy,Walking,Medium
HR-222,Kesariya,Brahmastra,Hindi,Pop,Romantic,Relaxing,Medium,18,25,18-25,"Hindi,Pop,Romantic,Relaxing,Medium",Calm,Studying,Low
HR-223,Apna Bana Le,Bhediya,Hindi,Melody,Romantic,Relaxing,Low,26,35,26-35,"Hindi,Melody,Romantic,Relaxing,Low",Stressed,Studying,Low
HR-224,Ranjha,Shershaah,Hindi,Melody,Emotional,Relaxing,Low,36,50,36-50,"Hindi,Melody,Emotional,Relaxing,Low",Sad,Relaxing,Low
HR-225,Tujhe Kitna Chahne Lage,Kabir Singh,Hindi,Melody,Emotional,Relaxing,Low,51,65,51-65,"Hindi,Melody,Emotional,Relaxing,Low",Romantic,Relaxing,Low
HR-226,Shayad,Love Aaj Kal,Hindi,Melody,Romantic,Relaxing,Low,66,80,66-80,"Hindi,Melody,Romantic,Relaxing,Low",Happy,Party,High
HR-227,Hawayein,Jab Harry Met Sejal,Hindi,Melody,Romantic,Relaxing,Low,81,100,81-100,"Hindi,Melody,Romantic,Relaxing,Low",Energetic,Workout,High
HR-228,Agar Tum Saath Ho,Tamasha,Hindi,Melody,Emotional,Relaxing,Low,1,5,1-5,"Hindi,Melody,Emotional,Relaxing,Low",Calm,Meditation,Low
HR-229,Raabta,Agent Vinod,Hindi,Melody,Romantic,Relaxing,Low,6,12,6-12,"Hindi,Melody,Romantic,Relaxing,Low",Bored,Walking,Medium
HR-230,Khairiyat,Chhichhore,Hindi,Melody,Emotional,Relaxing,Low,13,17,13-17,"Hindi,Melody,Emotional,Relaxing,Low",Focused,Working,Low
HR-231,Ve Kamleya,Rocky Aur Rani Kii Prem Kahaani,Hindi,Melody,Romantic,Relaxing,Medium,18,25,18-25,"Hindi,Melody,Romantic,Relaxing,Medium",Happy,Walking,Medium
HR-232,O Maahi,Dunki,Hindi,Melody,Emotional,Relaxing,Low,26,35,26-35,"Hindi,Melody,Emotional,Relaxing,Low",Calm,Studying,Low
HR-233,Satranga,Animal,Hindi,Melody,Emotional,Relaxing,Low,36,50,36-50,"Hindi,Melody,Emotional,Relaxing,Low",Stressed,Studying,Low
HR-234,Chaleya,Jawan,Hindi,Pop,Romantic,Walking,Medium,51,65,51-65,"Hindi,Pop,Romantic,Walking,Medium",Sad,Relaxing,Low
HR-235,Ghungroo,War,Hindi,Dance,Happy,Workout,High,66,80,66-80,"Hindi,Dance,Happy,Workout,High",Romantic,Relaxing,Low
HR-236,Kala Chashma,Baar Baar Dekho,Hindi,Dance,Happy,Party,High,81,100,81-100,"Hindi,Dance,Happy,Party,High",Happy,Party,High
HR-237,What Jhumka,Rocky Aur Rani Kii Prem Kahaani,Hindi,Dance,Happy,Party,High,1,5,1-5,"Hindi,Dance,Happy,Party,High",Energetic,Workout,High
HR-238,Nacho Nacho,RRR,Hindi,Dance,Energetic,Workout,High,6,12,6-12,"Hindi,Dance,Energetic,Workout,High",Calm,Meditation,Low
HR-239,Badtameez Dil,Yeh Jawaani Hai Deewani,Hindi,Pop,Happy,Party,High,13,17,13-17,"Hindi,Pop,Happy,Party,High",Bored,Walking,Medium
HR-240,Gallan Goodiyaan,Dil Dhadakne Do,Hindi,Dance,Happy,Party,High,18,25,18-25,"Hindi,Dance,Happy,Party,High",Focused,Working,Low
HR-241,Tum Hi Ho,Aashiqui 2,Hindi,Melody,Emotional,Relaxing,Low,26,35,26-35,"Hindi,Melody,Emotional,Relaxing,Low",Happy,Walking,Medium
HR-242,Kesariya,Brahmastra,Hindi,Pop,Romantic,Relaxing,Medium,36,50,36-50,"Hindi,Pop,Romantic,Relaxing,Medium",Calm,Studying,Low
HR-243,Apna Bana Le,Bhediya,Hindi,Melody,Romantic,Relaxing,Low,51,65,51-65,"Hindi,Melody,Romantic,Relaxing,Low",Stressed,Studying,Low
HR-244,Ranjha,Shershaah,Hindi,Melody,Emotional,Relaxing,Low,66,80,66-80,"Hindi,Melody,Emotional,Relaxing,Low",Sad,Relaxing,Low
HR-245,Tujhe Kitna Chahne Lage,Kabir Singh,Hindi,Melody,Emotional,Relaxing,Low,81,100,81-100,"Hindi,Melody,Emotional,Relaxing,Low",Romantic,Relaxing,Low
HR-246,Shayad,Love Aaj Kal,Hindi,Melody,Romantic,Relaxing,Low,1,5,1-5,"Hindi,Melody,Romantic,Relaxing,Low",Happy,Party,High
HR-247,Hawayein,Jab Harry Met Sejal,Hindi,Melody,Romantic,Relaxing,Low,6,12,6-12,"Hindi,Melody,Romantic,Relaxing,Low",Energetic,Workout,High
HR-248,Agar Tum Saath Ho,Tamasha,Hindi,Melody,Emotional,Relaxing,Low,13,17,13-17,"Hindi,Melody,Emotional,Relaxing,Low",Calm,Meditation,Low
HR-249,Raabta,Agent Vinod,Hindi,Melody,Romantic,Relaxing,Low,18,25,18-25,"Hindi,Melody,Romantic,Relaxing,Low",Bored,Walking,Medium
HR-250,Khairiyat,Chhichhore,Hindi,Melody,Emotional,Relaxing,Low,26,35,26-35,"Hindi,Melody,Emotional,Relaxing,Low",Focused,Working,Low
HR-251,Ve Kamleya,Rocky Aur Rani Kii Prem Kahaani,Hindi,Melody,Romantic,Relaxing,Medium,36,50,36-50,"Hindi,Melody,Romantic,Relaxing,Medium",Happy,Walking,Medium
HR-252,O Maahi,Dunki,Hindi,Melody,Emotional,Relaxing,Low,51,65,51-65,"Hindi,Melody,Emotional,Relaxing,Low",Calm,Studying,Low
HR-253,Satranga,Animal,Hindi,Melody,Emotional,Relaxing,Low,66,80,66-80,"Hindi,Melody,Emotional,Relaxing,Low",Stressed,Studying,Low
HR-254,Chaleya,Jawan,Hindi,Pop,Romantic,Walking,Medium,81,100,81-100,"Hindi,Pop,Romantic,Walking,Medium",Sad,Relaxing,Low
HR-255,Ghungroo,War,Hindi,Dance,Happy,Workout,High,1,5,1-5,"Hindi,Dance,Happy,Workout,High",Romantic,Relaxing,Low
HR-256,Kala Chashma,Baar Baar Dekho,Hindi,Dance,Happy,Party,High,6,12,6-12,"Hindi,Dance,Happy,Party,High",Happy,Party,High
HR-257,What Jhumka,Rocky Aur Rani Kii Prem Kahaani,Hindi,Dance,Happy,Party,High,13,17,13-17,"Hindi,Dance,Happy,Party,High",Energetic,Workout,High
HR-258,Nacho Nacho,RRR,Hindi,Dance,Energetic,Workout,High,18,25,18-25,"Hindi,Dance,Energetic,Workout,High",Calm,Meditation,Low
HR-259,Badtameez Dil,Yeh Jawaani Hai Deewani,Hindi,Pop,Happy,Party,High,26,35,26-35,"Hindi,Pop,Happy,Party,High",Bored,Walking,Medium
HR-260,Gallan Goodiyaan,Dil Dhadakne Do,Hindi,Dance,Happy,Party,High,36,50,36-50,"Hindi,Dance,Happy,Party,High",Focused,Working,Low
HR-261,Tum Hi Ho,Aashiqui 2,Hindi,Melody,Emotional,Relaxing,Low,51,65,51-65,"Hindi,Melody,Emotional,Relaxing,Low",Happy,Walking,Medium
HR-262,Kesariya,Brahmastra,Hindi,Pop,Romantic,Relaxing,Medium,66,80,66-80,"Hindi,Pop,Romantic,Relaxing,Medium",Calm,Studying,Low
HR-263,Apna Bana Le,Bhediya,Hindi,Melody,Romantic,Relaxing,Low,81,100,81-100,"Hindi,Melody,Romantic,Relaxing,Low",Stressed,Studying,Low
HR-264,Ranjha,Shershaah,Hindi,Melody,Emotional,Relaxing,Low,1,5,1-5,"Hindi,Melody,Emotional,Relaxing,Low",Sad,Relaxing,Low
HR-265,Tujhe Kitna Chahne Lage,Kabir Singh,Hindi,Melody,Emotional,Relaxing,Low,6,12,6-12,"Hindi,Melody,Emotional,Relaxing,Low",Romantic,Relaxing,Low
HR-266,Shayad,Love Aaj Kal,Hindi,Melody,Romantic,Relaxing,Low,13,17,13-17,"Hindi,Melody,Romantic,Relaxing,Low",Happy,Party,High
HR-267,Hawayein,Jab Harry Met Sejal,Hindi,Melody,Romantic,Relaxing,Low,18,25,18-25,"Hindi,Melody,Romantic,Relaxing,Low",Energetic,Workout,High
HR-268,Agar Tum Saath Ho,Tamasha,Hindi,Melody,Emotional,Relaxing,Low,26,35,26-35,"Hindi,Melody,Emotional,Relaxing,Low",Calm,Meditation,Low
HR-269,Raabta,Agent Vinod,Hindi,Melody,Romantic,Relaxing,Low,36,50,36-50,"Hindi,Melody,Romantic,Relaxing,Low",Bored,Walking,Medium
HR-270,Khairiyat,Chhichhore,Hindi,Melody,Emotional,Relaxing,Low,51,65,51-65,"Hindi,Melody,Emotional,Relaxing,Low",Focused,Working,Low
HR-271,Ve Kamleya,Rocky Aur Rani Kii Prem Kahaani,Hindi,Melody,Romantic,Relaxing,Medium,66,80,66-80,"Hindi,Melody,Romantic,Relaxing,Medium",Happy,Walking,Medium
HR-272,O Maahi,Dunki,Hindi,Melody,Emotional,Relaxing,Low,81,100,81-100,"Hindi,Melody,Emotional,Relaxing,Low",Calm,Studying,Low
HR-273,Satranga,Animal,Hindi,Melody,Emotional,Relaxing,Low,1,5,1-5,"Hindi,Melody,Emotional,Relaxing,Low",Stressed,Studying,Low
HR-274,Chaleya,Jawan,Hindi,Pop,Romantic,Walking,Medium,6,12,6-12,"Hindi,Pop,Romantic,Walking,Medium",Sad,Relaxing,Low
HR-275,Ghungroo,War,Hindi,Dance,Happy,Workout,High,13,17,13-17,"Hindi,Dance,Happy,Workout,High",Romantic,Relaxing,Low
HR-276,Kala Chashma,Baar Baar Dekho,Hindi,Dance,Happy,Party,High,18,25,18-25,"Hindi,Dance,Happy,Party,High",Happy,Party,High
HR-277,What Jhumka,Rocky Aur Rani Kii Prem Kahaani,Hindi,Dance,Happy,Party,High,26,35,26-35,"Hindi,Dance,Happy,Party,High",Energetic,Workout,High
HR-278,Nacho Nacho,RRR,Hindi,Dance,Energetic,Workout,High,36,50,36-50,"Hindi,Dance,Energetic,Workout,High",Calm,Meditation,Low
HR-279,Badtameez Dil,Yeh Jawaani Hai Deewani,Hindi,Pop,Happy,Party,High,51,65,51-65,"Hindi,Pop,Happy,Party,High",Bored,Walking,Medium
HR-280,Gallan Goodiyaan,Dil Dhadakne Do,Hindi,Dance,Happy,Party,High,66,80,66-80,"Hindi,Dance,Happy,Party,High",Focused,Working,Low
HR-281,Tum Hi Ho,Aashiqui 2,Hindi,Melody,Emotional,Relaxing,Low,81,100,81-100,"Hindi,Melody,Emotional,Relaxing,Low",Happy,Walking,Medium
HR-282,Kesariya,Brahmastra,Hindi,Pop,Romantic,Relaxing,Medium,1,5,1-5,"Hindi,Pop,Romantic,Relaxing,Medium",Calm,Studying,Low
HR-283,Apna Bana Le,Bhediya,Hindi,Melody,Romantic,Relaxing,Low,6,12,6-12,"Hindi,Melody,Romantic,Relaxing,Low",Stressed,Studying,Low
HR-284,Ranjha,Shershaah,Hindi,Melody,Emotional,Relaxing,Low,13,17,13-17,"Hindi,Melody,Emotional,Relaxing,Low",Sad,Relaxing,Low
HR-285,Tujhe Kitna Chahne Lage,Kabir Singh,Hindi,Melody,Emotional,Relaxing,Low,18,25,18-25,"Hindi,Melody,Emotional,Relaxing,Low",Romantic,Relaxing,Low
HR-286,Shayad,Love Aaj Kal,Hindi,Melody,Romantic,Relaxing,Low,26,35,26-35,"Hindi,Melody,Romantic,Relaxing,Low",Happy,Party,High
HR-287,Hawayein,Jab Harry Met Sejal,Hindi,Melody,Romantic,Relaxing,Low,36,50,36-50,"Hindi,Melody,Romantic,Relaxing,Low",Energetic,Workout,High
HR-288,Agar Tum Saath Ho,Tamasha,Hindi,Melody,Emotional,Relaxing,Low,51,65,51-65,"Hindi,Melody,Emotional,Relaxing,Low",Calm,Meditation,Low
HR-289,Raabta,Agent Vinod,Hindi,Melody,Romantic,Relaxing,Low,66,80,66-80,"Hindi,Melody,Romantic,Relaxing,Low",Bored,Walking,Medium
HR-290,Khairiyat,Chhichhore,Hindi,Melody,Emotional,Relaxing,Low,81,100,81-100,"Hindi,Melody,Emotional,Relaxing,Low",Focused,Working,Low
HR-291,Ve Kamleya,Rocky Aur Rani Kii Prem Kahaani,Hindi,Melody,Romantic,Relaxing,Medium,1,5,1-5,"Hindi,Melody,Romantic,Relaxing,Medium",Happy,Walking,Medium
HR-292,O Maahi,Dunki,Hindi,Melody,Emotional,Relaxing,Low,6,12,6-12,"Hindi,Melody,Emotional,Relaxing,Low",Calm,Studying,Low
HR-293,Satranga,Animal,Hindi,Melody,Emotional,Relaxing,Low,13,17,13-17,"Hindi,Melody,Emotional,Relaxing,Low",Stressed,Studying,Low
HR-294,Chaleya,Jawan,Hindi,Pop,Romantic,Walking,Medium,18,25,18-25,"Hindi,Pop,Romantic,Walking,Medium",Sad,Relaxing,Low
HR-295,Ghungroo,War,Hindi,Dance,Happy,Workout,High,26,35,26-35,"Hindi,Dance,Happy,Workout,High",Romantic,Relaxing,Low
HR-296,Kala Chashma,Baar Baar Dekho,Hindi,Dance,Happy,Party,High,36,50,36-50,"Hindi,Dance,Happy,Party,High",Happy,Party,High
HR-297,What Jhumka,Rocky Aur Rani Kii Prem Kahaani,Hindi,Dance,Happy,Party,High,51,65,51-65,"Hindi,Dance,Happy,Party,High",Energetic,Workout,High
HR-298,Nacho Nacho,RRR,Hindi,Dance,Energetic,Workout,High,66,80,66-80,"Hindi,Dance,Energetic,Workout,High",Calm,Meditation,Low
HR-299,Badtameez Dil,Yeh Jawaani Hai Deewani,Hindi,Pop,Happy,Party,High,81,100,81-100,"Hindi,Pop,Happy,Party,High",Bored,Walking,Medium
HR-300,Gallan Goodiyaan,Dil Dhadakne Do,Hindi,Dance,Happy,Party,High,1,5,1-5,"Hindi,Dance,Happy,Party,High",Focused,Working,Low
HR-301,Malare,Premam,Malayalam,Melody,Romantic,Relaxing,Low,1,5,1-5,"Malayalam,Melody,Romantic,Relaxing,Low",Happy,Walking,Medium
HR-302,Pavizha Mazha,Athiran,Malayalam,Melody,Calm,Relaxing,Low,6,12,6-12,"Malayalam,Melody,Calm,Relaxing,Low",Calm,Studying,Low
HR-303,Darshana,Hridayam,Malayalam,Melody,Romantic,Studying,Low,13,17,13-17,"Malayalam,Melody,Romantic,Studying,Low",Stressed,Studying,Low
HR-304,Onakka Munthiri,Hridayam,Malayalam,Pop,Happy,Walking,Medium,18,25,18-25,"Malayalam,Pop,Happy,Walking,Medium",Sad,Relaxing,Low
HR-305,Puthiyoru Pathayil,Varathan,Malayalam,Melody,Calm,Relaxing,Low,26,35,26-35,"Malayalam,Melody,Calm,Relaxing,Low",Romantic,Relaxing,Low
HR-306,Uyiril Thodum,Kumbalangi Nights,Malayalam,Melody,Romantic,Relaxing,Low,36,50,36-50,"Malayalam,Melody,Romantic,Relaxing,Low",Happy,Party,High
HR-307,Cherathukal,Kumbalangi Nights,Malayalam,Melody,Calm,Studying,Low,51,65,51-65,"Malayalam,Melody,Calm,Studying,Low",Energetic,Workout,High
HR-308,Parayuvaan,Ishq,Malayalam,Melody,Romantic,Relaxing,Low,66,80,66-80,"Malayalam,Melody,Romantic,Relaxing,Low",Calm,Meditation,Low
HR-309,Jeevamshamayi,Theevandi,Malayalam,Melody,Emotional,Relaxing,Low,81,100,81-100,"Malayalam,Melody,Emotional,Relaxing,Low",Bored,Walking,Medium
HR-310,Aaradhike,Ambili,Malayalam,Melody,Romantic,Relaxing,Low,1,5,1-5,"Malayalam,Melody,Romantic,Relaxing,Low",Focused,Working,Low
HR-311,Thathaka Theithare,Hridayam,Malayalam,Folk,Happy,Walking,Medium,6,12,6-12,"Malayalam,Folk,Happy,Walking,Medium",Happy,Walking,Medium
HR-312,Kudukku,Love Action Drama,Malayalam,Dance,Happy,Party,High,13,17,13-17,"Malayalam,Dance,Happy,Party,High",Calm,Studying,Low
HR-313,Illuminati,Aavesham,Malayalam,Dance,Energetic,Workout,High,18,25,18-25,"Malayalam,Dance,Energetic,Workout,High",Stressed,Studying,Low
HR-314,Puthan Puthu,Uyare,Malayalam,Melody,Calm,Studying,Low,26,35,26-35,"Malayalam,Melody,Calm,Studying,Low",Sad,Relaxing,Low
HR-315,Vathikkalu Vellaripravu,Sufiyum Sujatayum,Malayalam,Melody,Romantic,Relaxing,Low,36,50,36-50,"Malayalam,Melody,Romantic,Relaxing,Low",Romantic,Relaxing,Low
HR-316,Darshana,Hridayam,Malayalam,Melody,Happy,Walking,Medium,51,65,51-65,"Malayalam,Melody,Happy,Walking,Medium",Happy,Party,High
HR-317,Azhalinte Aazhangalil,Ayalum Njanum Thammil,Malayalam,Melody,Emotional,Relaxing,Low,66,80,66-80,"Malayalam,Melody,Emotional,Relaxing,Low",Energetic,Workout,High
HR-318,Poomuthole,Joseph,Malayalam,Melody,Calm,Relaxing,Low,81,100,81-100,"Malayalam,Melody,Calm,Relaxing,Low",Calm,Meditation,Low
HR-319,Nee Mukilo,Uyare,Malayalam,Melody,Calm,Studying,Low,1,5,1-5,"Malayalam,Melody,Calm,Studying,Low",Bored,Walking,Medium
HR-320,Cherathukal,Kumbalangi Nights,Malayalam,Acoustic,Calm,Studying,Low,6,12,6-12,"Malayalam,Acoustic,Calm,Studying,Low",Focused,Working,Low
HR-321,Malare,Premam,Malayalam,Melody,Romantic,Relaxing,Low,13,17,13-17,"Malayalam,Melody,Romantic,Relaxing,Low",Happy,Walking,Medium
HR-322,Pavizha Mazha,Athiran,Malayalam,Melody,Calm,Relaxing,Low,18,25,18-25,"Malayalam,Melody,Calm,Relaxing,Low",Calm,Studying,Low
HR-323,Darshana,Hridayam,Malayalam,Melody,Romantic,Studying,Low,26,35,26-35,"Malayalam,Melody,Romantic,Studying,Low",Stressed,Studying,Low
HR-324,Onakka Munthiri,Hridayam,Malayalam,Pop,Happy,Walking,Medium,36,50,36-50,"Malayalam,Pop,Happy,Walking,Medium",Sad,Relaxing,Low
HR-325,Puthiyoru Pathayil,Varathan,Malayalam,Melody,Calm,Relaxing,Low,51,65,51-65,"Malayalam,Melody,Calm,Relaxing,Low",Romantic,Relaxing,Low
HR-326,Uyiril Thodum,Kumbalangi Nights,Malayalam,Melody,Romantic,Relaxing,Low,66,80,66-80,"Malayalam,Melody,Romantic,Relaxing,Low",Happy,Party,High
HR-327,Cherathukal,Kumbalangi Nights,Malayalam,Melody,Calm,Studying,Low,81,100,81-100,"Malayalam,Melody,Calm,Studying,Low",Energetic,Workout,High
HR-328,Parayuvaan,Ishq,Malayalam,Melody,Romantic,Relaxing,Low,1,5,1-5,"Malayalam,Melody,Romantic,Relaxing,Low",Calm,Meditation,Low
HR-329,Jeevamshamayi,Theevandi,Malayalam,Melody,Emotional,Relaxing,Low,6,12,6-12,"Malayalam,Melody,Emotional,Relaxing,Low",Bored,Walking,Medium
HR-330,Aaradhike,Ambili,Malayalam,Melody,Romantic,Relaxing,Low,13,17,13-17,"Malayalam,Melody,Romantic,Relaxing,Low",Focused,Working,Low
HR-331,Thathaka Theithare,Hridayam,Malayalam,Folk,Happy,Walking,Medium,18,25,18-25,"Malayalam,Folk,Happy,Walking,Medium",Happy,Walking,Medium
HR-332,Kudukku,Love Action Drama,Malayalam,Dance,Happy,Party,High,26,35,26-35,"Malayalam,Dance,Happy,Party,High",Calm,Studying,Low
HR-333,Illuminati,Aavesham,Malayalam,Dance,Energetic,Workout,High,36,50,36-50,"Malayalam,Dance,Energetic,Workout,High",Stressed,Studying,Low
HR-334,Puthan Puthu,Uyare,Malayalam,Melody,Calm,Studying,Low,51,65,51-65,"Malayalam,Melody,Calm,Studying,Low",Sad,Relaxing,Low
HR-335,Vathikkalu Vellaripravu,Sufiyum Sujatayum,Malayalam,Melody,Romantic,Relaxing,Low,66,80,66-80,"Malayalam,Melody,Romantic,Relaxing,Low",Romantic,Relaxing,Low
HR-336,Darshana,Hridayam,Malayalam,Melody,Happy,Walking,Medium,81,100,81-100,"Malayalam,Melody,Happy,Walking,Medium",Happy,Party,High
HR-337,Azhalinte Aazhangalil,Ayalum Njanum Thammil,Malayalam,Melody,Emotional,Relaxing,Low,1,5,1-5,"Malayalam,Melody,Emotional,Relaxing,Low",Energetic,Workout,High
HR-338,Poomuthole,Joseph,Malayalam,Melody,Calm,Relaxing,Low,6,12,6-12,"Malayalam,Melody,Calm,Relaxing,Low",Calm,Meditation,Low
HR-339,Nee Mukilo,Uyare,Malayalam,Melody,Calm,Studying,Low,13,17,13-17,"Malayalam,Melody,Calm,Studying,Low",Bored,Walking,Medium
HR-340,Cherathukal,Kumbalangi Nights,Malayalam,Acoustic,Calm,Studying,Low,18,25,18-25,"Malayalam,Acoustic,Calm,Studying,Low",Focused,Working,Low
HR-341,Malare,Premam,Malayalam,Melody,Romantic,Relaxing,Low,26,35,26-35,"Malayalam,Melody,Romantic,Relaxing,Low",Happy,Walking,Medium
HR-342,Pavizha Mazha,Athiran,Malayalam,Melody,Calm,Relaxing,Low,36,50,36-50,"Malayalam,Melody,Calm,Relaxing,Low",Calm,Studying,Low
HR-343,Darshana,Hridayam,Malayalam,Melody,Romantic,Studying,Low,51,65,51-65,"Malayalam,Melody,Romantic,Studying,Low",Stressed,Studying,Low
HR-344,Onakka Munthiri,Hridayam,Malayalam,Pop,Happy,Walking,Medium,66,80,66-80,"Malayalam,Pop,Happy,Walking,Medium",Sad,Relaxing,Low
HR-345,Puthiyoru Pathayil,Varathan,Malayalam,Melody,Calm,Relaxing,Low,81,100,81-100,"Malayalam,Melody,Calm,Relaxing,Low",Romantic,Relaxing,Low
HR-346,Uyiril Thodum,Kumbalangi Nights,Malayalam,Melody,Romantic,Relaxing,Low,1,5,1-5,"Malayalam,Melody,Romantic,Relaxing,Low",Happy,Party,High
HR-347,Cherathukal,Kumbalangi Nights,Malayalam,Melody,Calm,Studying,Low,6,12,6-12,"Malayalam,Melody,Calm,Studying,Low",Energetic,Workout,High
HR-348,Parayuvaan,Ishq,Malayalam,Melody,Romantic,Relaxing,Low,13,17,13-17,"Malayalam,Melody,Romantic,Relaxing,Low",Calm,Meditation,Low
HR-349,Jeevamshamayi,Theevandi,Malayalam,Melody,Emotional,Relaxing,Low,18,25,18-25,"Malayalam,Melody,Emotional,Relaxing,Low",Bored,Walking,Medium
HR-350,Aaradhike,Ambili,Malayalam,Melody,Romantic,Relaxing,Low,26,35,26-35,"Malayalam,Melody,Romantic,Relaxing,Low",Focused,Working,Low
HR-351,Thathaka Theithare,Hridayam,Malayalam,Folk,Happy,Walking,Medium,36,50,36-50,"Malayalam,Folk,Happy,Walking,Medium",Happy,Walking,Medium
HR-352,Kudukku,Love Action Drama,Malayalam,Dance,Happy,Party,High,51,65,51-65,"Malayalam,Dance,Happy,Party,High",Calm,Studying,Low
HR-353,Illuminati,Aavesham,Malayalam,Dance,Energetic,Workout,High,66,80,66-80,"Malayalam,Dance,Energetic,Workout,High",Stressed,Studying,Low
HR-354,Puthan Puthu,Uyare,Malayalam,Melody,Calm,Studying,Low,81,100,81-100,"Malayalam,Melody,Calm,Studying,Low",Sad,Relaxing,Low
HR-355,Vathikkalu Vellaripravu,Sufiyum Sujatayum,Malayalam,Melody,Romantic,Relaxing,Low,1,5,1-5,"Malayalam,Melody,Romantic,Relaxing,Low",Romantic,Relaxing,Low
HR-356,Darshana,Hridayam,Malayalam,Melody,Happy,Walking,Medium,6,12,6-12,"Malayalam,Melody,Happy,Walking,Medium",Happy,Party,High
HR-357,Azhalinte Aazhangalil,Ayalum Njanum Thammil,Malayalam,Melody,Emotional,Relaxing,Low,13,17,13-17,"Malayalam,Melody,Emotional,Relaxing,Low",Energetic,Workout,High
HR-358,Poomuthole,Joseph,Malayalam,Melody,Calm,Relaxing,Low,18,25,18-25,"Malayalam,Melody,Calm,Relaxing,Low",Calm,Meditation,Low
HR-359,Nee Mukilo,Uyare,Malayalam,Melody,Calm,Studying,Low,26,35,26-35,"Malayalam,Melody,Calm,Studying,Low",Bored,Walking,Medium
HR-360,Cherathukal,Kumbalangi Nights,Malayalam,Acoustic,Calm,Studying,Low,36,50,36-50,"Malayalam,Acoustic,Calm,Studying,Low",Focused,Working,Low
HR-361,Malare,Premam,Malayalam,Melody,Romantic,Relaxing,Low,51,65,51-65,"Malayalam,Melody,Romantic,Relaxing,Low",Happy,Walking,Medium
HR-362,Pavizha Mazha,Athiran,Malayalam,Melody,Calm,Relaxing,Low,66,80,66-80,"Malayalam,Melody,Calm,Relaxing,Low",Calm,Studying,Low
HR-363,Darshana,Hridayam,Malayalam,Melody,Romantic,Studying,Low,81,100,81-100,"Malayalam,Melody,Romantic,Studying,Low",Stressed,Studying,Low
HR-364,Onakka Munthiri,Hridayam,Malayalam,Pop,Happy,Walking,Medium,1,5,1-5,"Malayalam,Pop,Happy,Walking,Medium",Sad,Relaxing,Low
HR-365,Puthiyoru Pathayil,Varathan,Malayalam,Melody,Calm,Relaxing,Low,6,12,6-12,"Malayalam,Melody,Calm,Relaxing,Low",Romantic,Relaxing,Low
HR-366,Uyiril Thodum,Kumbalangi Nights,Malayalam,Melody,Romantic,Relaxing,Low,13,17,13-17,"Malayalam,Melody,Romantic,Relaxing,Low",Happy,Party,High
HR-367,Cherathukal,Kumbalangi Nights,Malayalam,Melody,Calm,Studying,Low,18,25,18-25,"Malayalam,Melody,Calm,Studying,Low",Energetic,Workout,High
HR-368,Parayuvaan,Ishq,Malayalam,Melody,Romantic,Relaxing,Low,26,35,26-35,"Malayalam,Melody,Romantic,Relaxing,Low",Calm,Meditation,Low
HR-369,Jeevamshamayi,Theevandi,Malayalam,Melody,Emotional,Relaxing,Low,36,50,36-50,"Malayalam,Melody,Emotional,Relaxing,Low",Bored,Walking,Medium
HR-370,Aaradhike,Ambili,Malayalam,Melody,Romantic,Relaxing,Low,51,65,51-65,"Malayalam,Melody,Romantic,Relaxing,Low",Focused,Working,Low
HR-371,Thathaka Theithare,Hridayam,Malayalam,Folk,Happy,Walking,Medium,66,80,66-80,"Malayalam,Folk,Happy,Walking,Medium",Happy,Walking,Medium
HR-372,Kudukku,Love Action Drama,Malayalam,Dance,Happy,Party,High,81,100,81-100,"Malayalam,Dance,Happy,Party,High",Calm,Studying,Low
HR-373,Illuminati,Aavesham,Malayalam,Dance,Energetic,Workout,High,1,5,1-5,"Malayalam,Dance,Energetic,Workout,High",Stressed,Studying,Low
HR-374,Puthan Puthu,Uyare,Malayalam,Melody,Calm,Studying,Low,6,12,6-12,"Malayalam,Melody,Calm,Studying,Low",Sad,Relaxing,Low
HR-375,Vathikkalu Vellaripravu,Sufiyum Sujatayum,Malayalam,Melody,Romantic,Relaxing,Low,13,17,13-17,"Malayalam,Melody,Romantic,Relaxing,Low",Romantic,Relaxing,Low
HR-376,Darshana,Hridayam,Malayalam,Melody,Happy,Walking,Medium,18,25,18-25,"Malayalam,Melody,Happy,Walking,Medium",Happy,Party,High
HR-377,Azhalinte Aazhangalil,Ayalum Njanum Thammil,Malayalam,Melody,Emotional,Relaxing,Low,26,35,26-35,"Malayalam,Melody,Emotional,Relaxing,Low",Energetic,Workout,High
HR-378,Poomuthole,Joseph,Malayalam,Melody,Calm,Relaxing,Low,36,50,36-50,"Malayalam,Melody,Calm,Relaxing,Low",Calm,Meditation,Low
HR-379,Nee Mukilo,Uyare,Malayalam,Melody,Calm,Studying,Low,51,65,51-65,"Malayalam,Melody,Calm,Studying,Low",Bored,Walking,Medium
HR-380,Cherathukal,Kumbalangi Nights,Malayalam,Acoustic,Calm,Studying,Low,66,80,66-80,"Malayalam,Acoustic,Calm,Studying,Low",Focused,Working,Low
HR-381,Malare,Premam,Malayalam,Melody,Romantic,Relaxing,Low,81,100,81-100,"Malayalam,Melody,Romantic,Relaxing,Low",Happy,Walking,Medium
HR-382,Pavizha Mazha,Athiran,Malayalam,Melody,Calm,Relaxing,Low,1,5,1-5,"Malayalam,Melody,Calm,Relaxing,Low",Calm,Studying,Low
HR-383,Darshana,Hridayam,Malayalam,Melody,Romantic,Studying,Low,6,12,6-12,"Malayalam,Melody,Romantic,Studying,Low",Stressed,Studying,Low
HR-384,Onakka Munthiri,Hridayam,Malayalam,Pop,Happy,Walking,Medium,13,17,13-17,"Malayalam,Pop,Happy,Walking,Medium",Sad,Relaxing,Low
HR-385,Puthiyoru Pathayil,Varathan,Malayalam,Melody,Calm,Relaxing,Low,18,25,18-25,"Malayalam,Melody,Calm,Relaxing,Low",Romantic,Relaxing,Low
HR-386,Uyiril Thodum,Kumbalangi Nights,Malayalam,Melody,Romantic,Relaxing,Low,26,35,26-35,"Malayalam,Melody,Romantic,Relaxing,Low",Happy,Party,High
HR-387,Cherathukal,Kumbalangi Nights,Malayalam,Melody,Calm,Studying,Low,36,50,36-50,"Malayalam,Melody,Calm,Studying,Low",Energetic,Workout,High
HR-388,Parayuvaan,Ishq,Malayalam,Melody,Romantic,Relaxing,Low,51,65,51-65,"Malayalam,Melody,Romantic,Relaxing,Low",Calm,Meditation,Low
HR-389,Jeevamshamayi,Theevandi,Malayalam,Melody,Emotional,Relaxing,Low,66,80,66-80,"Malayalam,Melody,Emotional,Relaxing,Low",Bored,Walking,Medium
HR-390,Aaradhike,Ambili,Malayalam,Melody,Romantic,Relaxing,Low,81,100,81-100,"Malayalam,Melody,Romantic,Relaxing,Low",Focused,Working,Low
HR-391,Thathaka Theithare,Hridayam,Malayalam,Folk,Happy,Walking,Medium,1,5,1-5,"Malayalam,Folk,Happy,Walking,Medium",Happy,Walking,Medium
HR-392,Kudukku,Love Action Drama,Malayalam,Dance,Happy,Party,High,6,12,6-12,"Malayalam,Dance,Happy,Party,High",Calm,Studying,Low
HR-393,Illuminati,Aavesham,Malayalam,Dance,Energetic,Workout,High,13,17,13-17,"Malayalam,Dance,Energetic,Workout,High",Stressed,Studying,Low
HR-394,Puthan Puthu,Uyare,Malayalam,Melody,Calm,Studying,Low,18,25,18-25,"Malayalam,Melody,Calm,Studying,Low",Sad,Relaxing,Low
HR-395,Vathikkalu Vellaripravu,Sufiyum Sujatayum,Malayalam,Melody,Romantic,Relaxing,Low,26,35,26-35,"Malayalam,Melody,Romantic,Relaxing,Low",Romantic,Relaxing,Low
HR-396,Darshana,Hridayam,Malayalam,Melody,Happy,Walking,Medium,36,50,36-50,"Malayalam,Melody,Happy,Walking,Medium",Happy,Party,High
HR-397,Azhalinte Aazhangalil,Ayalum Njanum Thammil,Malayalam,Melody,Emotional,Relaxing,Low,51,65,51-65,"Malayalam,Melody,Emotional,Relaxing,Low",Energetic,Workout,High
HR-398,Poomuthole,Joseph,Malayalam,Melody,Calm,Relaxing,Low,66,80,66-80,"Malayalam,Melody,Calm,Relaxing,Low",Calm,Meditation,Low
HR-399,Nee Mukilo,Uyare,Malayalam,Melody,Calm,Studying,Low,81,100,81-100,"Malayalam,Melody,Calm,Studying,Low",Bored,Walking,Medium
HR-400,Cherathukal,Kumbalangi Nights,Malayalam,Acoustic,Calm,Studying,Low,1,5,1-5,"Malayalam,Acoustic,Calm,Studying,Low",Focused,Working,Low
HR-401,Shape of You,Ed Sheeran,English,Pop,Happy,Walking,Medium,1,5,1-5,"English,Pop,Happy,Walking,Medium",Happy,Walking,Medium
HR-402,Perfect,Ed Sheeran,English,Pop,Romantic,Relaxing,Low,6,12,6-12,"English,Pop,Romantic,Relaxing,Low",Calm,Studying,Low
HR-403,Photograph,Ed Sheeran,English,Pop,Emotional,Relaxing,Low,13,17,13-17,"English,Pop,Emotional,Relaxing,Low",Stressed,Studying,Low
HR-404,Thinking Out Loud,Ed Sheeran,English,Pop,Romantic,Relaxing,Low,18,25,18-25,"English,Pop,Romantic,Relaxing,Low",Sad,Relaxing,Low
HR-405,As It Was,Harry Styles,English,Pop,Happy,Walking,Medium,26,35,26-35,"English,Pop,Happy,Walking,Medium",Romantic,Relaxing,Low
HR-406,Adore You,Harry Styles,English,Pop,Romantic,Relaxing,Medium,36,50,36-50,"English,Pop,Romantic,Relaxing,Medium",Happy,Party,High
HR-407,Watermelon Sugar,Harry Styles,English,Pop,Happy,Party,Medium,51,65,51-65,"English,Pop,Happy,Party,Medium",Energetic,Workout,High
HR-408,Levitating,Dua Lipa,English,Pop,Happy,Workout,High,66,80,66-80,"English,Pop,Happy,Workout,High",Calm,Meditation,Low
HR-409,Don't Start Now,Dua Lipa,English,Pop,Energetic,Workout,High,81,100,81-100,"English,Pop,Energetic,Workout,High",Bored,Walking,Medium
HR-410,New Rules,Dua Lipa,English,Pop,Energetic,Workout,High,1,5,1-5,"English,Pop,Energetic,Workout,High",Focused,Working,Low
HR-411,Blinding Lights,The Weeknd,English,Pop,Energetic,Driving,High,6,12,6-12,"English,Pop,Energetic,Driving,High",Happy,Walking,Medium
HR-412,Save Your Tears,The Weeknd,English,Pop,Emotional,Driving,Medium,13,17,13-17,"English,Pop,Emotional,Driving,Medium",Calm,Studying,Low
HR-413,Starboy,The Weeknd,English,Pop,Energetic,Workout,High,18,25,18-25,"English,Pop,Energetic,Workout,High",Stressed,Studying,Low
HR-414,Flowers,Miley Cyrus,English,Pop,Happy,Walking,Medium,26,35,26-35,"English,Pop,Happy,Walking,Medium",Sad,Relaxing,Low
HR-415,Attention,Charlie Puth,English,Pop,Emotional,Relaxing,Medium,36,50,36-50,"English,Pop,Emotional,Relaxing,Medium",Romantic,Relaxing,Low
HR-416,We Don't Talk Anymore,Charlie Puth,English,Pop,Emotional,Relaxing,Low,51,65,51-65,"English,Pop,Emotional,Relaxing,Low",Happy,Party,High
HR-417,Stay,Justin Bieber & The Kid LAROI,English,Pop,Energetic,Walking,Medium,66,80,66-80,"English,Pop,Energetic,Walking,Medium",Energetic,Workout,High
HR-418,Love Yourself,Justin Bieber,English,Pop,Calm,Relaxing,Low,81,100,81-100,"English,Pop,Calm,Relaxing,Low",Calm,Meditation,Low
HR-419,Someone Like You,Adele,English,Ballad,Emotional,Relaxing,Low,1,5,1-5,"English,Ballad,Emotional,Relaxing,Low",Bored,Walking,Medium
HR-420,Easy On Me,Adele,English,Ballad,Emotional,Relaxing,Low,6,12,6-12,"English,Ballad,Emotional,Relaxing,Low",Focused,Working,Low
HR-421,Shape of You,Ed Sheeran,English,Pop,Happy,Walking,Medium,13,17,13-17,"English,Pop,Happy,Walking,Medium",Happy,Walking,Medium
HR-422,Perfect,Ed Sheeran,English,Pop,Romantic,Relaxing,Low,18,25,18-25,"English,Pop,Romantic,Relaxing,Low",Calm,Studying,Low
HR-423,Photograph,Ed Sheeran,English,Pop,Emotional,Relaxing,Low,26,35,26-35,"English,Pop,Emotional,Relaxing,Low",Stressed,Studying,Low
HR-424,Thinking Out Loud,Ed Sheeran,English,Pop,Romantic,Relaxing,Low,36,50,36-50,"English,Pop,Romantic,Relaxing,Low",Sad,Relaxing,Low
HR-425,As It Was,Harry Styles,English,Pop,Happy,Walking,Medium,51,65,51-65,"English,Pop,Happy,Walking,Medium",Romantic,Relaxing,Low
HR-426,Adore You,Harry Styles,English,Pop,Romantic,Relaxing,Medium,66,80,66-80,"English,Pop,Romantic,Relaxing,Medium",Happy,Party,High
HR-427,Watermelon Sugar,Harry Styles,English,Pop,Happy,Party,Medium,81,100,81-100,"English,Pop,Happy,Party,Medium",Energetic,Workout,High
HR-428,Levitating,Dua Lipa,English,Pop,Happy,Workout,High,1,5,1-5,"English,Pop,Happy,Workout,High",Calm,Meditation,Low
HR-429,Don't Start Now,Dua Lipa,English,Pop,Energetic,Workout,High,6,12,6-12,"English,Pop,Energetic,Workout,High",Bored,Walking,Medium
HR-430,New Rules,Dua Lipa,English,Pop,Energetic,Workout,High,13,17,13-17,"English,Pop,Energetic,Workout,High",Focused,Working,Low
HR-431,Blinding Lights,The Weeknd,English,Pop,Energetic,Driving,High,18,25,18-25,"English,Pop,Energetic,Driving,High",Happy,Walking,Medium
HR-432,Save Your Tears,The Weeknd,English,Pop,Emotional,Driving,Medium,26,35,26-35,"English,Pop,Emotional,Driving,Medium",Calm,Studying,Low
HR-433,Starboy,The Weeknd,English,Pop,Energetic,Workout,High,36,50,36-50,"English,Pop,Energetic,Workout,High",Stressed,Studying,Low
HR-434,Flowers,Miley Cyrus,English,Pop,Happy,Walking,Medium,51,65,51-65,"English,Pop,Happy,Walking,Medium",Sad,Relaxing,Low
HR-435,Attention,Charlie Puth,English,Pop,Emotional,Relaxing,Medium,66,80,66-80,"English,Pop,Emotional,Relaxing,Medium",Romantic,Relaxing,Low
HR-436,We Don't Talk Anymore,Charlie Puth,English,Pop,Emotional,Relaxing,Low,81,100,81-100,"English,Pop,Emotional,Relaxing,Low",Happy,Party,High
HR-437,Stay,Justin Bieber & The Kid LAROI,English,Pop,Energetic,Walking,Medium,1,5,1-5,"English,Pop,Energetic,Walking,Medium",Energetic,Workout,High
HR-438,Love Yourself,Justin Bieber,English,Pop,Calm,Relaxing,Low,6,12,6-12,"English,Pop,Calm,Relaxing,Low",Calm,Meditation,Low
HR-439,Someone Like You,Adele,English,Ballad,Emotional,Relaxing,Low,13,17,13-17,"English,Ballad,Emotional,Relaxing,Low",Bored,Walking,Medium
HR-440,Easy On Me,Adele,English,Ballad,Emotional,Relaxing,Low,18,25,18-25,"English,Ballad,Emotional,Relaxing,Low",Focused,Working,Low
HR-441,Shape of You,Ed Sheeran,English,Pop,Happy,Walking,Medium,26,35,26-35,"English,Pop,Happy,Walking,Medium",Happy,Walking,Medium
HR-442,Perfect,Ed Sheeran,English,Pop,Romantic,Relaxing,Low,36,50,36-50,"English,Pop,Romantic,Relaxing,Low",Calm,Studying,Low
HR-443,Photograph,Ed Sheeran,English,Pop,Emotional,Relaxing,Low,51,65,51-65,"English,Pop,Emotional,Relaxing,Low",Stressed,Studying,Low
HR-444,Thinking Out Loud,Ed Sheeran,English,Pop,Romantic,Relaxing,Low,66,80,66-80,"English,Pop,Romantic,Relaxing,Low",Sad,Relaxing,Low
HR-445,As It Was,Harry Styles,English,Pop,Happy,Walking,Medium,81,100,81-100,"English,Pop,Happy,Walking,Medium",Romantic,Relaxing,Low
HR-446,Adore You,Harry Styles,English,Pop,Romantic,Relaxing,Medium,1,5,1-5,"English,Pop,Romantic,Relaxing,Medium",Happy,Party,High
HR-447,Watermelon Sugar,Harry Styles,English,Pop,Happy,Party,Medium,6,12,6-12,"English,Pop,Happy,Party,Medium",Energetic,Workout,High
HR-448,Levitating,Dua Lipa,English,Pop,Happy,Workout,High,13,17,13-17,"English,Pop,Happy,Workout,High",Calm,Meditation,Low
HR-449,Don't Start Now,Dua Lipa,English,Pop,Energetic,Workout,High,18,25,18-25,"English,Pop,Energetic,Workout,High",Bored,Walking,Medium
HR-450,New Rules,Dua Lipa,English,Pop,Energetic,Workout,High,26,35,26-35,"English,Pop,Energetic,Workout,High",Focused,Working,Low
HR-451,Blinding Lights,The Weeknd,English,Pop,Energetic,Driving,High,36,50,36-50,"English,Pop,Energetic,Driving,High",Happy,Walking,Medium
HR-452,Save Your Tears,The Weeknd,English,Pop,Emotional,Driving,Medium,51,65,51-65,"English,Pop,Emotional,Driving,Medium",Calm,Studying,Low
HR-453,Starboy,The Weeknd,English,Pop,Energetic,Workout,High,66,80,66-80,"English,Pop,Energetic,Workout,High",Stressed,Studying,Low
HR-454,Flowers,Miley Cyrus,English,Pop,Happy,Walking,Medium,81,100,81-100,"English,Pop,Happy,Walking,Medium",Sad,Relaxing,Low
HR-455,Attention,Charlie Puth,English,Pop,Emotional,Relaxing,Medium,1,5,1-5,"English,Pop,Emotional,Relaxing,Medium",Romantic,Relaxing,Low
HR-456,We Don't Talk Anymore,Charlie Puth,English,Pop,Emotional,Relaxing,Low,6,12,6-12,"English,Pop,Emotional,Relaxing,Low",Happy,Party,High
HR-457,Stay,Justin Bieber & The Kid LAROI,English,Pop,Energetic,Walking,Medium,13,17,13-17,"English,Pop,Energetic,Walking,Medium",Energetic,Workout,High
HR-458,Love Yourself,Justin Bieber,English,Pop,Calm,Relaxing,Low,18,25,18-25,"English,Pop,Calm,Relaxing,Low",Calm,Meditation,Low
HR-459,Someone Like You,Adele,English,Ballad,Emotional,Relaxing,Low,26,35,26-35,"English,Ballad,Emotional,Relaxing,Low",Bored,Walking,Medium
HR-460,Easy On Me,Adele,English,Ballad,Emotional,Relaxing,Low,36,50,36-50,"English,Ballad,Emotional,Relaxing,Low",Focused,Working,Low
HR-461,Shape of You,Ed Sheeran,English,Pop,Happy,Walking,Medium,51,65,51-65,"English,Pop,Happy,Walking,Medium",Happy,Walking,Medium
HR-462,Perfect,Ed Sheeran,English,Pop,Romantic,Relaxing,Low,66,80,66-80,"English,Pop,Romantic,Relaxing,Low",Calm,Studying,Low
HR-463,Photograph,Ed Sheeran,English,Pop,Emotional,Relaxing,Low,81,100,81-100,"English,Pop,Emotional,Relaxing,Low",Stressed,Studying,Low
HR-464,Thinking Out Loud,Ed Sheeran,English,Pop,Romantic,Relaxing,Low,1,5,1-5,"English,Pop,Romantic,Relaxing,Low",Sad,Relaxing,Low
HR-465,As It Was,Harry Styles,English,Pop,Happy,Walking,Medium,6,12,6-12,"English,Pop,Happy,Walking,Medium",Romantic,Relaxing,Low
HR-466,Adore You,Harry Styles,English,Pop,Romantic,Relaxing,Medium,13,17,13-17,"English,Pop,Romantic,Relaxing,Medium",Happy,Party,High
HR-467,Watermelon Sugar,Harry Styles,English,Pop,Happy,Party,Medium,18,25,18-25,"English,Pop,Happy,Party,Medium",Energetic,Workout,High
HR-468,Levitating,Dua Lipa,English,Pop,Happy,Workout,High,26,35,26-35,"English,Pop,Happy,Workout,High",Calm,Meditation,Low
HR-469,Don't Start Now,Dua Lipa,English,Pop,Energetic,Workout,High,36,50,36-50,"English,Pop,Energetic,Workout,High",Bored,Walking,Medium
HR-470,New Rules,Dua Lipa,English,Pop,Energetic,Workout,High,51,65,51-65,"English,Pop,Energetic,Workout,High",Focused,Working,Low
HR-471,Blinding Lights,The Weeknd,English,Pop,Energetic,Driving,High,66,80,66-80,"English,Pop,Energetic,Driving,High",Happy,Walking,Medium
HR-472,Save Your Tears,The Weeknd,English,Pop,Emotional,Driving,Medium,81,100,81-100,"English,Pop,Emotional,Driving,Medium",Calm,Studying,Low
HR-473,Starboy,The Weeknd,English,Pop,Energetic,Workout,High,1,5,1-5,"English,Pop,Energetic,Workout,High",Stressed,Studying,Low
HR-474,Flowers,Miley Cyrus,English,Pop,Happy,Walking,Medium,6,12,6-12,"English,Pop,Happy,Walking,Medium",Sad,Relaxing,Low
HR-475,Attention,Charlie Puth,English,Pop,Emotional,Relaxing,Medium,13,17,13-17,"English,Pop,Emotional,Relaxing,Medium",Romantic,Relaxing,Low
HR-476,We Don't Talk Anymore,Charlie Puth,English,Pop,Emotional,Relaxing,Low,18,25,18-25,"English,Pop,Emotional,Relaxing,Low",Happy,Party,High
HR-477,Stay,Justin Bieber & The Kid LAROI,English,Pop,Energetic,Walking,Medium,26,35,26-35,"English,Pop,Energetic,Walking,Medium",Energetic,Workout,High
HR-478,Love Yourself,Justin Bieber,English,Pop,Calm,Relaxing,Low,36,50,36-50,"English,Pop,Calm,Relaxing,Low",Calm,Meditation,Low
HR-479,Someone Like You,Adele,English,Ballad,Emotional,Relaxing,Low,51,65,51-65,"English,Ballad,Emotional,Relaxing,Low",Bored,Walking,Medium
HR-480,Easy On Me,Adele,English,Ballad,Emotional,Relaxing,Low,66,80,66-80,"English,Ballad,Emotional,Relaxing,Low",Focused,Working,Low
HR-481,Shape of You,Ed Sheeran,English,Pop,Happy,Walking,Medium,81,100,81-100,"English,Pop,Happy,Walking,Medium",Happy,Walking,Medium
HR-482,Perfect,Ed Sheeran,English,Pop,Romantic,Relaxing,Low,1,5,1-5,"English,Pop,Romantic,Relaxing,Low",Calm,Studying,Low
HR-483,Photograph,Ed Sheeran,English,Pop,Emotional,Relaxing,Low,6,12,6-12,"English,Pop,Emotional,Relaxing,Low",Stressed,Studying,Low
HR-484,Thinking Out Loud,Ed Sheeran,English,Pop,Romantic,Relaxing,Low,13,17,13-17,"English,Pop,Romantic,Relaxing,Low",Sad,Relaxing,Low
HR-485,As It Was,Harry Styles,English,Pop,Happy,Walking,Medium,18,25,18-25,"English,Pop,Happy,Walking,Medium",Romantic,Relaxing,Low
HR-486,Adore You,Harry Styles,English,Pop,Romantic,Relaxing,Medium,26,35,26-35,"English,Pop,Romantic,Relaxing,Medium",Happy,Party,High
HR-487,Watermelon Sugar,Harry Styles,English,Pop,Happy,Party,Medium,36,50,36-50,"English,Pop,Happy,Party,Medium",Energetic,Workout,High
HR-488,Levitating,Dua Lipa,English,Pop,Happy,Workout,High,51,65,51-65,"English,Pop,Happy,Workout,High",Calm,Meditation,Low
HR-489,Don't Start Now,Dua Lipa,English,Pop,Energetic,Workout,High,66,80,66-80,"English,Pop,Energetic,Workout,High",Bored,Walking,Medium
HR-490,New Rules,Dua Lipa,English,Pop,Energetic,Workout,High,81,100,81-100,"English,Pop,Energetic,Workout,High",Focused,Working,Low
HR-491,Blinding Lights,The Weeknd,English,Pop,Energetic,Driving,High,1,5,1-5,"English,Pop,Energetic,Driving,High",Happy,Walking,Medium
HR-492,Save Your Tears,The Weeknd,English,Pop,Emotional,Driving,Medium,6,12,6-12,"English,Pop,Emotional,Driving,Medium",Calm,Studying,Low
HR-493,Starboy,The Weeknd,English,Pop,Energetic,Workout,High,13,17,13-17,"English,Pop,Energetic,Workout,High",Stressed,Studying,Low
HR-494,Flowers,Miley Cyrus,English,Pop,Happy,Walking,Medium,18,25,18-25,"English,Pop,Happy,Walking,Medium",Sad,Relaxing,Low
HR-495,Attention,Charlie Puth,English,Pop,Emotional,Relaxing,Medium,26,35,26-35,"English,Pop,Emotional,Relaxing,Medium",Romantic,Relaxing,Low
HR-496,We Don't Talk Anymore,Charlie Puth,English,Pop,Emotional,Relaxing,Low,36,50,36-50,"English,Pop,Emotional,Relaxing,Low",Happy,Party,High
HR-497,Stay,Justin Bieber & The Kid LAROI,English,Pop,Energetic,Walking,Medium,51,65,51-65,"English,Pop,Energetic,Walking,Medium",Energetic,Workout,High
HR-498,Love Yourself,Justin Bieber,English,Pop,Calm,Relaxing,Low,66,80,66-80,"English,Pop,Calm,Relaxing,Low",Calm,Meditation,Low
HR-499,Someone Like You,Adele,English,Ballad,Emotional,Relaxing,Low,81,100,81-100,"English,Ballad,Emotional,Relaxing,Low",Bored,Walking,Medium
HR-500,Easy On Me,Adele,English,Ballad,Emotional,Relaxing,Low,1,5,1-5,"English,Ballad,Emotional,Relaxing,Low",Focused,Working,Low